family,role,information,horizon_bucket,discount_bucket,n,sum,mean,sd,median,q10,q25,q75,q90,iqr,mad,minimum,maximum,positive,zero,negative,positive_rate,lag1_autocorrelation,max_drawdown,ending_drawdown,max_losing_streak
bargaining,player_1,full,0,1,4,-8.49,-2.1225,0.9129211356957401,-2.485,-2.6959999999999997,-2.6149999999999998,-1.9925,-1.2589999999999997,0.6224999999999998,0.17500000000000004,-2.75,-0.77,0,0,4,0.0,0.7606593842032168,8.49,8.49,4
bargaining,player_1,full,0,2,3,5.08,1.6933333333333334,5.18760381422226,-0.29,-1.826,-1.25,3.645,6.006,4.895,1.92,-2.21,7.58,1,0,2,0.3333333333333333,-1.0,2.21,0.29000000000000004,1
bargaining,player_1,full,0,3,2,4.98,2.49,5.713422791987305,2.49,-0.742,0.47,4.510000000000001,5.722,4.040000000000001,4.04,-1.55,6.53,1,0,1,0.5,,1.5499999999999998,1.5499999999999998,1
bargaining,player_1,full,2,1,11,-15.25,-1.3863636363636362,1.3773254715373031,-1.75,-2.59,-2.0,-1.02,-0.4,0.98,0.51,-3.35,1.97,1,0,10,0.09090909090909091,-0.09899641795780564,15.25,15.25,6
bargaining,player_1,full,2,2,3,-1.1300000000000001,-0.3766666666666667,1.193538157468513,0.21,-1.358,-0.77,0.31,0.37,1.08,0.19999999999999998,-1.75,0.41,2,0,1,0.6666666666666666,1.0,1.75,1.1300000000000001,1
bargaining,player_1,full,2,3,1,2.92,2.92,0.0,2.92,2.92,2.92,2.92,2.92,0.0,0.0,2.92,2.92,1,0,0,1.0,,0.0,0.0,0
bargaining,player_1,hidden,0,1,10,51.660000000000004,5.166,3.2496639142464496,5.455,1.2510000000000001,3.6149999999999998,7.992500000000001,8.385,4.377500000000001,2.47,-1.26,8.43,9,0,1,0.9,-0.02192406596536159,1.2599999999999998,0.0,1
bargaining,player_1,hidden,0,2,3,4.32,1.44,1.860188162525501,2.35,-0.08999999999999997,0.825,2.51,2.606,1.6849999999999998,0.31999999999999984,-0.7,2.67,2,0,1,0.6666666666666666,1.0,0.7000000000000002,0.7000000000000002,1
bargaining,player_1,hidden,0,3,6,0.9599999999999997,0.15999999999999995,3.198255774637169,0.14,-2.625,-0.72,0.2875,2.965,1.0074999999999998,0.625,-4.29,5.64,3,1,2,0.5,-0.6182458334211564,4.29,0.96,1
bargaining,player_1,hidden,2,1,11,26.7,2.4272727272727272,3.7631452029096377,4.14,-2.01,0.8,4.9399999999999995,5.3,4.14,0.9800000000000004,-5.71,5.55,8,0,3,0.7272727272727273,-0.05369721787450158,5.710000000000001,0.0,2
bargaining,player_1,hidden,2,2,2,0.45999999999999996,0.22999999999999998,8.428712831743647,0.22999999999999998,-4.538,-2.75,3.210000000000001,4.998000000000001,5.960000000000001,5.960000000000001,-5.73,6.19,1,0,1,0.5,,5.73,5.73,1
bargaining,player_1,hidden,2,3,8,7.940000000000001,0.9925000000000002,4.275901742824046,1.0,-3.647,-2.3,3.5425,5.1819999999999995,5.842499999999999,2.91,-4.27,8.22,4,0,4,0.5,0.17541046828915655,5.32,5.01,2
bargaining,player_2,full,0,1,14,16.9,1.207142857142857,4.585997800280308,1.6,-4.218999999999999,-2.8600000000000003,5.76,6.891000000000001,8.620000000000001,4.545,-5.04,7.71,8,0,6,0.5714285714285714,-0.4993150290038685,6.659999999999999,3.539999999999999,2
bargaining,player_2,full,0,2,10,21.34,2.134,4.3099141522772815,0.31,-2.115,-1.2525,6.5625,7.411,7.8149999999999995,2.645,-2.61,8.05,5,0,5,0.5,-0.39696687292580174,2.6099999999999994,2.0599999999999987,2
bargaining,player_2,full,0,3,8,21.34,2.6675,5.109022131764272,3.03,-2.7920000000000003,-2.6975,7.5600000000000005,8.136000000000001,10.2575,5.110000000000001,-2.96,8.15,5,0,3,0.625,-0.018506331275582835,5.65,0.0,2
bargaining,player_2,full,2,1,7,-10.34,-1.477142857142857,4.127689887760926,-2.27,-5.47,-4.1899999999999995,-0.26499999999999996,2.6920000000000024,3.9249999999999994,2.43,-5.65,6.49,2,0,5,0.2857142857142857,-0.16747295198337747,14.03,10.339999999999998,3
bargaining,player_2,full,2,2,7,5.31,0.7585714285714286,5.028884662863223,-1.2,-3.9539999999999997,-2.39,4.455,7.2700000000000005,6.845000000000001,3.2,-5.43,7.81,3,0,4,0.42857142857142855,-0.6027940179771397,6.63,0.0,2
bargaining,player_2,full,2,3,6,10.53,1.755,4.826836438082401,0.19499999999999998,-2.675,-1.9774999999999998,5.8774999999999995,7.744999999999999,7.8549999999999995,2.8699999999999997,-2.82,7.89,3,0,3,0.5,-0.23831051022792205,5.35,0.0,2
bargaining,player_2,hidden,0,1,9,14.870000000000001,1.6522222222222223,4.865459325124858,1.54,-4.054,-1.73,7.21,7.298,8.94,5.5,-4.43,7.61,5,0,4,0.5555555555555556,-0.7668710820228326,4.619999999999999,0.9900000000000002,1
bargaining,player_2,hidden,0,2,3,-11.700000000000001,-3.9000000000000004,1.7087129659483482,-4.79,-4.942,-4.885,-3.36,-2.502,1.525,0.1900000000000004,-4.98,-1.93,0,0,3,0.0,-1.0000000000000002,11.7,11.7,3
bargaining,player_2,hidden,0,3,4,-3.96,-0.99,5.347024094453537,-1.96,-5.346,-3.87,0.92,4.142000000000001,4.79,2.73,-6.33,6.29,1,0,3,0.25,0.915347033251428,10.25,10.25,3
bargaining,player_2,hidden,2,1,10,24.35,2.435,4.825126941335326,1.23,-2.984,-1.0274999999999999,7.3425,7.769,8.370000000000001,4.71,-4.1,8.21,5,0,5,0.5,-0.5289761821515584,4.1,0.4800000000000004,2
bargaining,player_2,hidden,2,2,6,23.06,3.8433333333333333,5.026989821619561,5.195,-1.455,2.34,7.449999999999999,7.789999999999999,5.109999999999999,2.5949999999999993,-5.03,8.11,5,0,1,0.8333333333333334,-0.17600013341668588,5.03,0.0,1
bargaining,player_2,hidden,2,3,2,-0.9100000000000001,-0.45500000000000007,7.728677118368965,-0.45500000000000007,-4.827,-3.1875,2.2775,3.917,5.465,5.465,-5.92,5.01,1,0,1,0.5,,5.92,0.9100000000000001,1
negotiation,buyer,full,0,,3,-12.23,-4.076666666666666,3.017852437302615,-5.61,-5.938,-5.8149999999999995,-3.105,-1.6019999999999994,2.7099999999999995,0.40999999999999925,-6.02,-0.6,0,0,3,0.0,-0.9999999999999998,12.23,12.23,3
negotiation,buyer,full,1,,2,-10.36,-5.18,0.3959797974644663,-5.18,-5.404,-5.32,-5.04,-4.956,0.28000000000000025,0.2799999999999998,-5.46,-4.9,0,0,2,0.0,,10.36,10.36,2
negotiation,buyer,hidden,0,,6,2.2600000000000007,0.37666666666666676,3.919406417643706,1.665,-4.359999999999999,-1.8925,3.2275,3.825,5.12,2.16,-5.81,4.07,4,0,2,0.6666666666666666,0.44076005172331734,8.719999999999999,0.0,2
negotiation,seller,full,0,,3,-10.64,-3.546666666666667,0.44162578427140475,-3.75,-3.83,-3.8,-3.395,-3.182,0.4049999999999998,0.10000000000000009,-3.85,-3.04,0,0,3,0.0,1.0,10.64,10.64,3
negotiation,seller,hidden,0,,4,-3.7600000000000007,-0.9400000000000002,3.9546681276688695,-1.37,-4.405,-3.9775,1.6675,2.8690000000000007,5.645,2.845,-4.69,3.67,2,0,2,0.5,-0.5390497468818229,4.69,4.69,1
negotiation,seller,hidden,1,,2,1.0,0.5,4.652762620207483,0.5,-2.132,-1.145,2.1450000000000005,3.1320000000000006,3.2900000000000005,3.29,-2.79,3.79,1,0,1,0.5,,2.79,2.79,1
persuasion,buyer,,2,,4,6.72,1.68,6.242131046365496,1.69,-3.767,-3.6725000000000003,7.0425,7.119,10.715,5.3950000000000005,-3.83,7.17,2,0,2,0.5,-0.9995285616364668,3.83,3.83,1
persuasion,buyer,,2,,1,-3.14,-3.14,0.0,-3.14,-3.14,-3.14,-3.14,-3.14,0.0,0.0,-3.14,-3.14,0,0,1,0.0,,3.14,3.14,1
persuasion,buyer,,2,,2,-2.12,-1.06,0.311126983722081,-1.06,-1.236,-1.17,-0.95,-0.8839999999999999,0.21999999999999997,0.22000000000000003,-1.28,-0.84,0,0,2,0.0,,2.12,2.12,2
persuasion,buyer,,2,,6,12.08,2.013333333333333,3.4354077875365343,2.2199999999999998,-1.645,0.0050000000000000044,4.5625,5.465,4.5575,2.575,-3.02,6.05,4,0,2,0.6666666666666666,-0.24573427411394794,3.02,0.0,1
persuasion,buyer,,2,,1,1.83,1.83,0.0,1.83,1.83,1.83,1.83,1.83,0.0,0.0,1.83,1.83,1,0,0,1.0,,0.0,0.0,0
persuasion,buyer,,2,,2,-3.7399999999999998,-1.8699999999999999,3.676955262170047,-1.8699999999999999,-3.9499999999999997,-3.17,-0.5700000000000003,0.20999999999999996,2.5999999999999996,2.5999999999999996,-4.47,0.73,1,0,1,0.5,,4.47,3.7399999999999998,1
persuasion,buyer,,2,,7,11.55,1.6500000000000001,5.581484270932479,3.8,-4.574,-2.62,6.115,6.714,8.735,3.7300000000000004,-6.77,7.53,4,0,3,0.5714285714285714,0.6002167725896581,12.009999999999998,12.009999999999998,3
persuasion,buyer,,2,,1,7.67,7.67,0.0,7.67,7.67,7.67,7.67,7.67,0.0,0.0,7.67,7.67,1,0,0,1.0,,0.0,0.0,0
persuasion,buyer,,2,,10,7.04,0.7040000000000001,0.7471308081216063,0.7250000000000001,-0.21999999999999997,0.605,1.0075,1.61,0.4025000000000001,0.25000000000000006,-0.76,1.79,8,0,2,0.8,-0.48922703267592516,0.7600000000000002,0.0,1
persuasion,buyer,,2,,1,-1.35,-1.35,0.0,-1.35,-1.35,-1.35,-1.35,-1.35,0.0,0.0,-1.35,-1.35,0,0,1,0.0,,1.35,1.35,1
persuasion,buyer,,2,,2,-1.7699999999999996,-0.8849999999999998,7.247844507162112,-0.8849999999999998,-4.984999999999999,-3.4475,1.6775000000000002,3.215,5.125,5.125,-6.01,4.24,1,0,1,0.5,,6.01,6.01,1
persuasion,seller,,2,,8,3.56,0.445,3.2250980051553695,-0.41500000000000004,-2.912,-1.565,1.8525,4.779,3.4175,1.98,-2.94,6.06,3,0,5,0.375,-0.45467333406409177,5.84,0.0,2
persuasion,seller,,2,,3,-5.63,-1.8766666666666667,1.241343358355509,-2.47,-2.662,-2.59,-1.4600000000000002,-0.8540000000000001,1.1299999999999997,0.23999999999999977,-2.71,-0.45,0,0,3,0.0,1.0,5.630000000000001,5.630000000000001,3
persuasion,seller,,2,,3,12.34,4.113333333333333,4.093975248256068,5.97,0.7300000000000001,2.695,6.46,6.7540000000000004,3.765,0.9800000000000004,-0.58,6.95,2,0,1,0.6666666666666666,1.0,0.58,0.0,1
persuasion,seller,,2,,1,0.64,0.64,0.0,0.64,0.64,0.64,0.64,0.64,0.0,0.0,0.64,0.64,1,0,0,1.0,,0.0,0.0,0
persuasion,seller,,2,,3,0.4699999999999994,0.15666666666666648,4.5898184423061155,-0.66,-3.3080000000000003,-2.3150000000000004,2.2199999999999998,3.9479999999999995,4.535,3.31,-3.97,5.1,1,0,2,0.3333333333333333,-1.0,3.97,3.97,1
persuasion,seller,,2,,2,-8.66,-4.33,0.028284271247461926,-4.33,-4.346,-4.34,-4.319999999999999,-4.314,0.020000000000000462,0.020000000000000018,-4.35,-4.31,0,0,2,0.0,,8.66,8.66,2
persuasion,seller,,2,,12,3.25,0.2708333333333333,4.219195223420378,-0.75,-3.642,-2.775,1.7224999999999997,6.575,4.4975,2.11,-4.82,7.75,5,0,7,0.4166666666666667,-0.06193167717695819,8.26,8.26,2
persuasion,seller,,2,,3,-7.18,-2.393333333333333,2.7030414967834533,-1.31,-4.638,-3.3899999999999997,-0.855,-0.582,2.5349999999999997,0.91,-5.47,-0.4,0,0,3,0.0,-1.0,7.18,7.18,3
persuasion,seller,,2,,3,4.069999999999999,1.3566666666666665,4.11410176506772,-0.66,-1.2200000000000002,-1.01,2.715,4.74,3.7249999999999996,0.7000000000000001,-1.36,6.09,1,0,2,0.3333333333333333,1.0,2.02,0.0,2
persuasion,seller,,2,,1,7.8,7.8,0.0,7.8,7.8,7.8,7.8,7.8,0.0,0.0,7.8,7.8,1,0,0,1.0,,0.0,0.0,0
persuasion,seller,,2,,1,4.27,4.27,0.0,4.27,4.27,4.27,4.27,4.27,0.0,0.0,4.27,4.27,1,0,0,1.0,,0.0,0.0,0
persuasion,seller,,2,,1,5.97,5.97,0.0,5.97,5.97,5.97,5.97,5.97,0.0,0.0,5.97,5.97,1,0,0,1.0,,0.0,0.0,0
